FileName,PDFSize,MetadataSize,Pages,XrefLength,TitleCharacters,IsEncrypted,EmbeddedFiles,Images,Text,Header,Obj,EndObj,Stream,EndStream,Xref,Trailer,StartXref,PageNo,Encrypt,ObjStm,JS,Javascript,AA,OpenAction,Acroform,JBIG2Decode,RichMedia,Launch,EmbeddedFile,XFA,Colors,Label
167.pdf,29868,8,2,1,15,0,0,2,1,%PDF-1.7,20,20,4,4,1,1,1,2,0,0,3,4,0,1,0,0,0,0,0,0,0,1
99.pdf,15685,7,1,1,16,0,0,0,1,%PDF-1.3,11,11,2,2,1,1,1,1,0,0,1,2,0,1,0,0,0,0,0,0,0,1
546.pdf,15257,8,1,1,0,0,0,0,1,%PDF-1.4,17,17,3,3,1,1,1,1,0,0,1,2,0,0,1,0,0,0,0,0,0,1
301.pdf,27580,7,1,1,7,0,0,0,1,%PDF-1.3,11,11,2,2,1,1,1,1,0,0,1,2,0,1,0,0,0,0,0,0,0,1
749.pdf,15228,8,1,1,0,0,0,0,1,%PDF-1.4,17,17,3,3,1,1,1,1,0,0,1,2,0,0,1,0,0,0,0,0,0,1
403.pdf,15303,8,1,1,0,0,0,0,1,%PDF-1.4,17,17,3,3,1,1,1,1,0,0,1,2,0,0,1,0,0,0,0,0,0,1
423.pdf,27289,5,1,2,1,0,0,0,1,%PDF-1.4,23,23,12,12,1,1,1,1,0,0,5,6,0,0,0,0,0,0,0,0,0,1
335.pdf,27624,8,1,2,0,0,0,0,1,%PDF-1.6,96,96,3,3,1,1,1,1,0,0,0,0,1,0,0,0,0,0,0,0,0,1
262.pdf,3381,8,1,1,0,0,0,0,1,%PDF-1.0,17,18,2,3,2,2,1,1,0,0,2,3,0,0,1,0,0,0,0,0,0,1
408.pdf,17826,8,1,1,0,0,0,0,1,%PDF-1.3,16,16,3,3,1,1,1,1,0,0,2,3,0,1,1,0,0,0,0,0,0,1
621.pdf,10075,5,1,2,0,0,0,0,1,%PDF-1.4,28,28,4,4,1,1,1,1,0,0,1,2,1,1,0,0,0,1,0,0,0,1
148.pdf,17773,8,1,1,0,0,0,0,1,%PDF-1.3,16,16,3,3,1,1,1,1,0,0,2,3,0,1,1,0,0,0,0,0,0,1
646.pdf,8053,3,3,1,45,0,0,0,1,%PDF-1.3,17,17,5,5,1,1,1,3,0,0,1,2,0,1,0,0,0,0,0,0,0,1
835.pdf,26713,7,1,1,7,0,0,0,1,%PDF-1.3,11,11,2,2,1,1,1,1,0,0,1,2,0,1,0,0,0,0,0,0,0,1
162.pdf,6163,5,1,1,1,0,0,0,1,%PDF-1.4,11,11,4,4,1,1,1,1,0,0,1,2,0,0,0,0,0,0,0,0,0,1
745.pdf,9862,7,1,1,14,0,0,0,1,%PDF-1.3,11,11,2,2,1,1,1,1,0,0,1,2,0,1,0,0,0,0,0,0,0,1
851.pdf,10118,5,1,2,0,0,0,0,1,%PDF-1.4,28,28,4,4,1,1,1,1,0,0,1,2,1,1,0,0,0,1,0,0,0,1
337.pdf,27354,5,1,2,1,0,0,0,1,%PDF-1.4,23,23,12,12,1,1,1,1,0,0,5,6,0,0,0,0,0,0,0,0,0,1
387.pdf,5103,5,2,1,14,0,0,0,1,%PDF-1.3,15,15,4,4,1,1,1,2,0,0,1,2,0,1,0,0,0,0,0,0,0,1
638.pdf,7117,8,1,1,0,0,0,0,1,%PDF-1.3,16,16,3,3,1,1,1,1,0,0,2,3,0,1,1,0,0,0,0,0,0,1
390.pdf,6332,5,1,1,1,0,0,0,1,%PDF-1.4,11,11,4,4,1,1,1,1,0,0,1,2,0,0,0,0,0,0,0,0,0,1
33.pdf,10034,5,1,1,0,0,0,0,1,%PDF-1.4,27,27,4,4,1,1,1,1,0,0,0,0,1,1,0,0,0,1,0,0,0,1
222.pdf,7904,5,1,1,8,0,0,0,1,%PDF-1.3,11,11,2,2,1,1,1,1,0,0,1,2,0,1,0,0,0,0,0,0,0,1
510.pdf,38470,8,1,1,0,0,0,0,1,%PDF-1.4,29,29,11,11,1,1,1,1,0,0,5,6,0,0,1,0,0,0,0,0,0,1
700.pdf,6087,5,1,1,1,0,0,0,1,%PDF-1.4,11,11,4,4,1,1,1,1,0,0,1,2,0,0,0,0,0,0,0,0,0,1
106.pdf,8029,5,3,1,82,0,0,0,1,%PDF-1.3,18,18,5,5,1,1,1,3,0,0,1,2,0,1,0,0,0,0,0,0,0,1
105.pdf,4423,4,1,1,0,0,0,0,1,%PDF-1.3,15,15,3,3,1,1,1,1,0,0,2,3,0,1,1,0,0,0,0,0,0,1
250.pdf,7955,5,1,1,8,0,0,0,1,%PDF-1.3,11,11,2,2,1,1,1,1,0,0,1,2,0,1,0,0,0,0,0,0,0,1
492.pdf,6371,5,1,1,1,0,0,0,1,%PDF-1.4,11,11,4,4,1,1,1,1,0,0,1,2,0,0,0,0,0,0,0,0,0,1
185.pdf,33900,8,5,1,13,0,0,5,1,%PDF-1.7,26,26,7,7,1,1,1,5,0,0,3,4,0,1,0,0,0,0,0,0,0,1
676.pdf,4358,5,1,1,1,0,0,0,1,%PDF-1.4,11,11,4,4,1,1,1,1,0,0,1,2,0,0,0,0,0,0,0,0,0,1
772.pdf,35766,7,1,1,7,0,0,0,1,%PDF--2147,11,11,2,2,1,1,1,1,0,0,2,1,0,1,0,0,0,0,0,0,0,1
458.pdf,15228,8,1,1,0,0,0,0,1,%PDF-1.4,17,17,3,3,1,1,1,1,0,0,1,2,0,0,1,0,0,0,0,0,0,1
722.pdf,6338,5,1,1,1,0,0,0,1,%PDF-1.4,11,11,4,4,1,1,1,1,0,0,1,2,0,0,0,0,0,0,0,0,0,1
425.pdf,105415,13,1,1,23,0,0,0,1,%PDF-1.5,25,25,7,7,1,1,1,1,0,0,1,2,0,0,1,0,0,0,0,0,0,1
770.pdf,3887,8,1,1,0,0,0,0,1,%PDF-1.3,16,16,3,3,1,1,1,1,0,0,2,3,0,1,1,0,0,0,0,0,0,1
741.pdf,7702,8,1,1,0,0,0,0,1,%PDF-1.3,16,16,3,3,1,1,1,1,0,0,2,3,0,1,1,0,0,0,0,0,0,1
431.pdf,6470,5,1,1,1,0,0,0,1,%PDF-1.4,11,11,4,4,1,1,1,1,0,0,1,2,0,0,0,0,0,0,0,0,0,1
379.pdf,7952,5,1,1,8,0,0,0,1,%PDF-1.3,11,11,2,2,1,1,1,1,0,0,1,2,0,1,0,0,0,0,0,0,0,1
723.pdf,16813,7,1,1,7,0,0,0,1,%PDF-1.3,11,11,2,2,1,1,1,1,0,0,1,2,0,1,0,0,0,0,0,0,0,1
809.pdf,17691,7,1,1,7,0,0,0,1,%PDF--2147,11,11,2,2,1,1,1,1,0,0,1,2,0,1,0,0,0,0,0,0,0,1
428.pdf,22631,7,1,1,7,0,0,0,1,%PDF--2147,11,11,2,2,1,1,1,1,0,0,1,2,0,1,0,0,0,0,0,0,0,1
97.pdf,24593,4,1,1,0,0,0,0,1,%PDF-1.3,21,21,6,6,1,1,1,1,0,0,1,2,0,0,1,0,0,0,0,0,0,1
25.pdf,5988,6,1,1,0,0,0,0,1,%PDF-1.6,18,18,5,5,1,1,1,1,0,0,1,2,0,1,0,0,0,0,0,0,0,1
721.pdf,10409,8,1,1,0,0,0,0,1,%PDF-1.5,17,17,3,3,1,1,1,1,0,0,2,3,0,1,1,0,0,0,0,0,0,1
237.pdf,4495,4,1,1,0,0,0,0,1,%PDF-1.3,15,15,3,3,1,1,1,1,0,0,2,3,0,1,1,0,0,0,0,0,0,1
654.pdf,10383,8,1,1,0,0,0,0,1,%PDF-1.5,17,17,3,3,1,1,1,1,0,0,2,3,0,1,1,0,0,0,0,0,0,1
684.pdf,19751,5,2,1,15,0,8,0,1,%PDF-1.6,23,23,11,11,1,1,1,2,0,0,0,0,0,0,1,0,0,0,8,1,0,1
640.pdf,5109,5,2,1,14,0,0,0,1,%PDF-1.3,15,15,4,4,1,1,1,2,0,0,1,2,0,1,0,0,0,0,0,0,0,1
505.pdf,23347,7,1,1,7,0,0,0,1,%PDF--2147,11,11,2,2,1,1,1,1,0,0,1,2,0,1,0,0,0,0,0,0,0,1
76.pdf,7579,8,1,1,0,0,0,0,1,%PDF-1.3,16,16,3,3,1,1,1,1,0,0,2,3,0,1,1,0,0,0,0,0,0,1
679.pdf,17415,3,1,2,4,0,0,0,1,%PDF-1.4,16,16,7,7,1,1,1,1,0,0,3,4,0,0,0,0,0,0,0,0,0,1
629.pdf,4418,8,1,1,0,0,0,0,1,%PDF-1.3,16,16,3,3,1,1,1,1,0,0,2,3,0,1,1,0,0,0,0,0,0,1
623.pdf,7931,5,1,1,8,0,0,0,1,%PDF-1.3,11,11,2,2,1,1,1,1,0,0,1,2,0,1,0,0,0,0,0,0,0,1
837.pdf,6272,5,1,1,1,0,0,0,1,%PDF-1.4,11,11,4,4,1,1,1,1,0,0,1,2,0,0,0,0,0,0,0,0,0,1
591.pdf,7880,5,1,1,8,0,0,0,1,%PDF-1.3,11,11,2,2,1,1,1,1,0,0,1,2,0,1,0,0,0,0,0,0,0,1
543.pdf,3710,2,1,1,0,0,1,0,1,%PDF-1.3,13,13,3,3,1,1,1,2,0,0,1,2,0,0,1,0,0,0,1,1,0,1
122.pdf,7563,8,1,1,0,0,0,0,1,%PDF-1.3,16,16,3,3,1,1,1,1,0,0,2,3,0,1,1,0,0,0,0,0,0,1
650.pdf,6084,5,1,1,1,0,0,0,1,%PDF-1.4,11,11,4,4,1,1,1,1,0,0,1,2,0,0,0,0,0,0,0,0,0,1
450.pdf,7746,8,1,1,0,0,0,0,1,%PDF-1.3,16,16,3,3,1,1,1,1,0,0,2,3,0,1,1,0,0,0,0,0,0,1
355.pdf,10341,8,1,1,0,0,0,0,1,%PDF-1.5,17,17,3,3,1,1,1,1,0,0,2,3,0,1,1,0,0,0,0,0,0,1
212.pdf,75823,8,1,1,0,0,0,0,1,%PDF-1.4,37,37,19,19,1,1,1,1,0,0,5,6,0,0,1,0,0,0,0,0,0,1
573.pdf,15214,6,6,1,12,0,0,0,1,%PDF-1.3,24,24,8,8,1,1,1,6,0,0,1,2,0,1,0,0,0,0,0,0,0,1
227.pdf,30308,8,1,1,0,0,0,0,1,%PDF-1.4,17,17,3,3,1,1,1,1,0,0,1,2,0,0,1,0,0,0,0,0,0,1
118.pdf,6941,8,2,1,0,0,0,0,1,%PDF-1.5,20,20,4,4,1,1,1,2,0,0,2,3,0,1,1,0,0,0,0,0,0,1
680.pdf,9041,5,2,1,15,0,8,0,1,%PDF-1.6,23,23,11,11,1,1,1,2,0,0,0,0,0,0,1,0,0,0,8,1,0,1
630.pdf,5097,8,1,1,0,0,0,0,1,%PDF-1.3,16,16,3,3,1,1,1,1,0,0,2,3,0,1,1,0,0,0,0,0,0,1
511.pdf,3525,8,1,1,0,0,0,0,1,%PDF-1.0,17,18,2,3,2,2,1,1,0,0,2,3,0,0,1,0,0,0,0,0,0,1
713.pdf,13001,8,1,2,0,0,0,0,1,%PDF-1.3,28,28,3,3,1,1,1,1,0,0,2,3,0,1,1,0,0,0,0,0,0,1
765.pdf,36079,8,6,1,13,0,0,6,1,%PDF-1.7,28,28,8,8,1,1,1,6,0,0,3,4,0,1,0,0,0,0,0,0,0,1
827.pdf,9458,7,1,1,20,0,0,0,1,%PDF-1.3,11,11,2,2,1,1,1,1,0,0,1,2,0,1,0,0,0,0,0,0,0,1
401.pdf,4424,4,1,1,0,0,0,0,1,%PDF-1.3,15,15,3,3,1,1,1,1,0,0,2,3,0,1,1,0,0,0,0,0,0,1
731.pdf,7908,8,1,1,0,0,0,0,1,%PDF-1.3,16,16,3,3,1,1,1,1,0,0,2,3,0,1,1,0,0,0,0,0,0,1
158.pdf,17831,8,1,1,0,0,0,0,1,%PDF-1.3,16,16,3,3,1,1,1,1,0,0,2,3,0,1,1,0,0,0,0,0,0,1
465.pdf,269123,4,1,1,0,0,0,1,1,%PDF-1.7,31,31,10,10,1,1,1,1,0,0,1,2,0,0,0,0,1,0,0,0,0,1
675.pdf,3775,8,1,1,0,0,0,0,1,%PDF-1.3,16,16,3,3,1,1,1,1,0,0,2,3,0,1,1,0,0,0,0,0,0,1
773.pdf,26359,7,1,1,7,0,0,0,1,%PDF--2147,11,11,2,2,1,1,1,1,0,0,1,2,0,1,0,0,0,0,0,0,0,1
259.pdf,27248,5,1,2,1,0,0,0,1,%PDF-1.4,23,23,12,12,1,1,1,1,0,0,5,6,0,0,0,0,0,0,0,0,0,1
483.pdf,27329,5,1,2,1,0,0,0,1,%PDF-1.4,23,23,12,12,1,1,1,1,0,0,5,6,0,0,0,0,0,0,0,0,0,1
236.pdf,18037,7,1,1,7,0,0,0,1,%PDF-1.3,11,11,2,2,1,1,1,1,0,0,1,2,0,1,0,0,0,0,0,0,0,1
728.pdf,6486,5,1,2,1,0,0,0,1,%PDF-1.4,14,14,6,6,1,1,1,1,0,0,2,3,0,0,0,0,0,0,0,0,0,1
393.pdf,4461,4,1,1,0,0,0,0,1,%PDF-1.3,15,15,3,3,1,1,1,1,0,0,2,3,0,1,1,0,0,0,0,0,0,1
757.pdf,11845,5,1,1,0,0,0,0,1,%PDF-1.4,32,32,5,5,1,1,1,1,0,0,1,2,1,1,0,0,0,1,0,0,0,1
764.pdf,17078,7,1,1,7,0,0,0,1,%PDF-1.3,11,11,2,2,1,1,1,1,0,0,1,2,0,1,0,0,0,0,0,0,0,1
286.pdf,16507,8,1,1,0,0,0,0,1,%PDF-1.4,17,17,3,3,1,1,1,1,0,0,1,2,0,0,1,0,0,0,0,0,0,1
816.pdf,3757,8,1,1,0,0,0,0,1,%PDF-1.3,16,16,3,3,1,1,1,1,0,0,2,3,0,1,1,0,0,0,0,0,0,1
74.pdf,4400,4,1,1,0,0,0,0,1,%PDF-1.3,15,15,3,3,1,1,1,1,0,0,2,3,0,1,1,0,0,0,0,0,0,1
830.pdf,75798,8,1,1,0,0,0,0,1,%PDF-1.4,37,37,19,19,1,1,1,1,0,0,5,6,0,0,1,0,0,0,0,0,0,1
20.pdf,4073238,8,1,2,13,0,0,0,1,%PDF-1.7,19,19,2,2,1,1,1,1,0,0,1,2,0,1,0,0,0,0,0,0,0,1
81.pdf,23140,6,1,1,30,0,0,0,1,%PDF-1.5,11,11,2,2,1,1,1,1,0,0,2,1,0,1,0,0,0,0,0,0,0,1
156.pdf,83280,8,1,1,0,0,0,0,1,%PDF-1.4,23,23,7,7,1,1,1,1,0,0,3,4,0,0,1,0,0,0,0,0,0,1
104.pdf,15044,8,1,1,0,0,0,0,1,%PDF-1.4,17,17,3,3,1,1,1,1,0,0,1,2,0,0,1,0,0,0,0,0,0,1
306.pdf,4755,5,1,1,1,0,0,0,1,%PDF-1.4,11,11,4,4,1,1,1,1,0,0,1,2,0,0,0,0,0,0,0,0,0,1
481.pdf,15100,8,1,1,0,0,0,0,1,%PDF-1.4,17,17,3,3,1,1,1,1,0,0,1,2,0,0,1,0,0,0,0,0,0,1
461.pdf,4769,2,1,1,0,0,0,0,1,%PDF-1.6,15,15,4,4,1,1,1,1,0,0,1,2,0,0,1,0,0,0,0,0,0,1
771.pdf,6037,8,1,1,0,0,0,0,1,%PDF-1.3,16,16,3,3,1,1,1,1,0,0,2,3,0,1,1,0,0,0,0,0,0,1
655.pdf,17285,4,9,1,19,0,0,0,1,%PDF-1.3,30,30,11,11,1,1,1,9,0,0,1,2,0,1,0,0,0,0,0,0,0,1
437.pdf,4447,4,1,1,0,0,0,0,1,%PDF-1.3,15,15,3,3,1,1,1,1,0,0,2,3,0,1,1,0,0,0,0,0,0,1
704.pdf,280946,5,1,1,8,0,9,0,1,%PDF-1.6,75,75,26,25,1,1,1,1,0,0,3,4,0,0,1,0,0,0,9,1,0,1
661.pdf,31629,8,4,1,10,0,0,4,1,%PDF-1.7,24,24,6,6,1,1,1,4,0,0,3,4,0,1,0,0,0,0,0,0,0,1
303.pdf,7761,8,1,1,0,0,0,0,1,%PDF-1.3,16,16,3,3,1,1,1,1,0,0,2,3,0,1,1,0,0,0,0,0,0,1
345.pdf,10918,5,1,1,0,0,0,0,1,%PDF-1.4,32,32,5,5,1,1,1,1,0,0,1,2,1,1,0,0,0,1,0,0,0,1
58.pdf,7943,5,1,1,8,0,0,0,1,%PDF-1.3,11,11,2,2,1,1,1,1,0,0,1,2,0,1,0,0,0,0,0,0,0,1
9.pdf,23555,4,1,2,0,0,0,0,1,%PDF-1.6,21,21,6,6,1,1,1,1,0,0,1,2,0,0,1,0,0,0,0,0,0,1
392.pdf,4333,8,1,1,0,0,0,0,1,%PDF-1.4,17,17,3,3,1,1,1,1,0,0,1,2,0,0,1,0,0,0,0,0,0,1
198.pdf,103196,13,1,1,23,0,0,0,1,%PDF-1.5,25,25,7,7,1,1,1,1,0,0,1,2,0,0,1,0,0,0,0,0,0,1
213.pdf,7099,8,1,1,0,0,0,0,1,%PDF-1.3,16,16,3,3,1,1,1,1,0,0,2,3,0,1,1,0,0,0,0,0,0,1
157.pdf,36572,7,1,1,7,0,0,0,1,%PDF-1.3,11,11,2,2,1,1,1,1,0,0,1,2,0,1,0,0,0,0,0,0,0,1
807.pdf,36572,7,1,1,7,0,0,0,1,%PDF-1.3,11,11,2,2,1,1,1,1,0,0,1,2,0,1,0,0,0,0,0,0,0,1
80.pdf,5353,5,1,2,1,0,0,0,1,%PDF-1.4,17,17,8,8,1,1,1,1,0,0,3,4,0,0,0,0,0,0,0,0,0,1
445.pdf,18633,4,2,2,0,0,0,0,1,%PDF-1.6,51,51,12,12,1,1,1,3,0,0,2,2,0,0,0,0,0,0,0,0,0,1
716.pdf,11106,5,1,1,0,0,0,0,1,%PDF-1.4,32,32,5,5,1,1,1,1,0,0,1,2,1,1,0,0,0,1,0,0,0,1
36.pdf,17135,7,1,1,7,0,0,0,1,%PDF-1.3,11,11,2,2,1,1,1,1,0,0,1,2,0,1,0,0,0,0,0,0,0,1
831.pdf,4373,4,1,1,0,0,0,0,1,%PDF-1.3,15,15,3,3,1,1,1,1,0,0,2,3,0,1,1,0,0,0,0,0,0,1
341.pdf,6207,5,1,1,1,0,0,0,1,%PDF-1.4,11,11,4,4,1,1,1,1,0,0,1,2,0,0,0,0,0,0,0,0,0,1
658.pdf,30443,8,1,1,0,0,0,0,1,%PDF-1.4,17,17,3,3,1,1,1,1,0,0,1,2,0,0,1,0,0,0,0,0,0,1
59.pdf,4489,4,1,1,0,0,0,0,1,%PDF-1.3,15,15,3,3,1,1,1,1,0,0,2,3,0,1,1,0,0,0,0,0,0,1
788.pdf,18459,7,1,1,14,0,0,0,1,%PDF-1.3,11,11,2,2,1,1,1,1,0,0,1,2,0,1,0,0,0,0,0,0,0,1
616.pdf,7424,8,1,2,0,0,0,0,1,%PDF-1.4,19,19,4,4,1,1,1,1,0,0,2,3,0,0,1,0,0,0,0,0,0,1
160.pdf,15196,8,1,1,0,0,0,0,1,%PDF-1.4,17,17,3,3,1,1,1,1,0,0,1,2,0,0,1,0,0,0,0,0,0,1
265.pdf,7943,5,1,1,8,0,0,0,1,%PDF-1.3,11,11,2,2,1,1,1,1,0,0,1,2,0,1,0,0,0,0,0,0,0,1
712.pdf,27344,5,1,2,1,0,0,0,1,%PDF-1.4,23,23,12,12,1,1,1,1,0,0,5,6,0,0,0,0,0,0,0,0,0,1
394.pdf,7941,5,1,1,8,0,0,0,1,%PDF-1.3,11,11,2,2,1,1,1,1,0,0,1,2,0,1,0,0,0,0,0,0,0,1
559.pdf,10941,5,1,1,0,0,0,0,1,%PDF-1.4,32,32,5,5,1,1,1,1,0,0,1,2,1,1,0,0,0,1,0,0,0,1
572.pdf,9032,5,2,1,15,0,8,0,1,%PDF-1.6,23,23,11,11,1,1,1,2,0,0,0,0,0,0,1,0,0,0,8,1,0,1
261.pdf,3685,8,1,1,0,0,0,0,1,%PDF-1.3,16,16,3,3,1,1,1,1,0,0,2,3,0,1,1,0,0,0,0,0,0,1
488.pdf,27320,5,1,2,1,0,0,0,1,%PDF-1.4,23,23,12,12,1,1,1,1,0,0,5,6,0,0,0,0,0,0,0,0,0,1
682.pdf,18630,8,1,1,0,0,0,0,1,%PDF-1.7,17,17,3,3,1,1,1,1,0,0,1,2,0,0,1,0,0,0,0,0,0,1
822.pdf,6830,8,1,1,0,0,0,0,1,%PDF-1.3,16,16,3,3,1,1,1,1,0,0,2,3,0,1,1,0,0,0,0,0,0,1
159.pdf,6927,8,2,1,0,0,0,0,1,%PDF-1.5,20,20,4,4,1,1,1,2,0,0,2,3,0,1,1,0,0,0,0,0,0,1
96.pdf,29511,8,1,1,22,0,0,0,1,%PDF-1.4,19,19,5,5,1,1,1,1,0,0,1,2,0,0,0,0,0,0,0,0,0,1
512.pdf,11471,8,1,1,7,0,0,0,1,%PDF-1.7,20,20,5,5,1,1,1,1,0,0,3,4,0,1,0,0,0,0,0,0,0,1
470.pdf,4400,4,1,1,0,0,0,0,1,%PDF-1.3,15,15,3,3,1,1,1,1,0,0,2,3,0,1,1,0,0,0,0,0,0,1
277.pdf,7937,5,1,1,8,0,0,0,1,%PDF-1.3,11,11,2,2,1,1,1,1,0,0,1,2,0,1,0,0,0,0,0,0,0,1
155.pdf,4447,4,1,1,0,0,0,0,1,%PDF-1.3,15,15,3,3,1,1,1,1,0,0,2,3,0,1,1,0,0,0,0,0,0,1
366.pdf,14939,7,1,1,7,0,0,0,1,%PDF--2147,11,11,2,2,1,1,1,1,0,0,1,2,0,1,0,0,0,0,0,0,0,1
561.pdf,23555,4,1,2,0,0,0,0,1,%PDF-1.6,21,21,6,6,1,1,1,1,0,0,1,2,0,0,1,0,0,0,0,0,0,1
553.pdf,6211,5,1,1,1,0,0,0,1,%PDF-1.4,11,11,4,4,1,1,1,1,0,0,1,2,0,0,0,0,0,0,0,0,0,1
168.pdf,35010,8,3,1,9,0,0,3,1,%PDF-1.7,23,23,7,7,1,1,1,3,0,0,2,3,0,1,0,0,0,0,0,0,0,1
232.pdf,18213,7,1,1,6,0,0,0,1,%PDF-1.3,11,11,2,2,1,1,1,1,0,0,1,2,0,1,0,0,0,0,0,0,0,1
170.pdf,26932,7,1,1,7,0,0,0,1,%PDF-1.3,11,11,2,2,1,1,1,1,0,0,1,2,0,1,0,0,0,0,0,0,0,1
87.pdf,6118,5,1,1,1,0,0,0,1,%PDF-1.4,11,11,4,4,1,1,1,1,0,0,1,2,0,0,0,0,0,0,0,0,0,1
469.pdf,4459,4,1,1,0,0,0,0,1,%PDF-1.3,15,15,3,3,1,1,1,1,0,0,2,3,0,1,1,0,0,0,0,0,0,1
98.pdf,3920,8,1,1,0,0,0,0,1,%PDF-1.4,17,17,3,3,1,1,1,1,0,0,1,2,0,0,1,0,0,0,0,0,0,1
372.pdf,15235,8,1,1,0,0,0,0,1,%PDF-1.4,17,17,3,3,1,1,1,1,0,0,1,2,0,0,1,0,0,0,0,0,0,1
13.pdf,7931,5,1,1,8,0,0,0,1,%PDF-1.3,11,11,2,2,1,1,1,1,0,0,1,2,0,1,0,0,0,0,0,0,0,1
